qid,geni_ids
# Entities with Geni IDs (P62) but no Wikidata IDs (P61),,,,,,,,,,,,,,
Q1807,6000000040337959506
Q2098,6000000010067752514
Q2389,6000000020919514107; 6000000020919514107
Q2883,6000000176847049835; 6000000176847049835
Q2910,6000000013008849507; 6000000013008849507; 6000000013008849507; 6000000013008849507; 6000000013008849507; 6000000013008849507; 6000000013008849507; 6000000013008849507
Q2998,6000000026380915616; 6000000026380915616
Q2999,6000000050938246852; 6000000050938246852
Q3009,6000000000348889242; 6000000000348889242; 6000000000348889242; 6000000000348889242; 6000000000348889242; 6000000000348889242; 6000000000348889242; 6000000000348889242
Q3284,6000000026381287171; 6000000026381287171; 6000000026381287171; 6000000026381287171; 6000000026381287171; 6000000026381287171; 6000000026381287171; 6000000026381287171
Q3285,6000000050938081910; 6000000050938081910
Q3417,6000000015436213504; 6000000015436213504; 6000000015436213504; 6000000015436213504; 6000000015436213504; 6000000015436213504; 6000000015436213504; 6000000015436213504; 6000000015436213504
Q3505,6000000017389491444; 6000000017389491444; 6000000017389491444; 6000000017389491444; 6000000017389491444; 6000000017389491444; 6000000017389491444; 6000000017389491444; 6000000017389491444
Q3675,6000000026381198100; 6000000026381198100; 6000000026381198100; 6000000026381198100; 6000000026381198100; 6000000026381198100; 6000000026381198100; 6000000026381198100; 6000000026381198100
Q3676,6000000050938071939; 6000000050938071939
Q3715,6000000190705813832; 6000000190705813832; 6000000190705813832; 6000000190705813832; 6000000190705813832; 6000000190705813832; 6000000190705813832; 6000000190705813832; 6000000190705813832
Q3719,6000000190742802923; 6000000190742802923; 6000000190742802923; 6000000190742802923; 6000000190742802923; 6000000190742802923; 6000000190742802923; 6000000190742802923; 6000000190742802923
Q3720,6000000190743276833; 6000000190743276833; 6000000190743276833; 6000000190743276833; 6000000190743276833; 6000000190743276833; 6000000190743276833; 6000000190743276833; 6000000190743276833
Q3800,6000000078223054838; 6000000078223054838
Q4698,6000000000321786244
Q4699,6000000129942577849
Q4854,6000000129474743831
Q6120,6000000004840333011
Q30938,6000000081478864854
Q30942,6000000081482421823; 6000000081482421823; 6000000081482421823; 6000000081482421823; 6000000081482421823; 6000000081482421823
Q30946,6000000014117768195; 6000000014117768195; 6000000014117768195; 6000000014117768195; 6000000014117768195; 6000000014117768195
Q30950,6000000081481966349
Q30954,6000000081479130914; 6000000081479130914; 6000000081479130914; 6000000081479130914; 6000000081479130914; 6000000081479130914
Q30958,6000000081478253625
Q30962,6000000026312372017
Q30966,6000000081486636274
Q30970,6000000016974655579
Q30973,6000000085314198848
Q30977,6000000085314198876
Q30981,6000000085314198856
Q30985,6000000085314198864
Q30990,6000000085314198860
Q30994,6000000085314198880
Q30998,6000000085314198852
Q31002,6000000085314198872
Q31006,6000000085314198868
Q31010,6000000085310853939
Q31014,6000000085310853943
Q31018,6000000085310853947
Q31026,6000000009148838085
Q31030,6000000033525652537
Q31034,6000000003199405179; 6000000003199405179; 6000000003199405179; 6000000003199405179; 6000000003199405179; 6000000003199405179
Q31038,6000000015973024592
Q31042,6000000043757967855
Q31046,6000000015537389227
Q31050,6000000043757263479
Q31054,6000000043757263498
Q31058,6000000043757495247
Q31062,6000000043757773045
Q31066,6000000043757895870
Q31070,6000000043757910941
Q31074,6000000009236567496
Q31078,6000000015200254154; 6000000015200254154; 6000000015200254154; 6000000015200254154; 6000000015200254154; 6000000015200254154
Q31082,6000000049131181084
Q31086,6000000049132090872
Q31090,6000000049132309855
Q31094,6000000016168852137
Q31098,6000000033654368187
Q31102,6000000033654423934
Q31106,6000000015538598582
Q31110,6000000079666960488; 6000000079666960488; 6000000079666960488; 6000000079666960488; 6000000079666960488; 6000000079666960488
Q31114,6000000016070161394; 6000000016070161394; 6000000016070161394; 6000000016070161394; 6000000016070161394; 6000000016070161394
Q31118,6000000013508370817
Q31122,6000000193967169845
Q31126,6000000012973985646
Q31134,6000000012974067195
Q31138,6000000018171570272; 6000000018171570272; 6000000018171570272; 6000000018171570272; 6000000018171570272; 6000000018171570272
Q31142,6000000047890573217
Q31146,6000000049535878044
Q31150,6000000202215536829
Q31154,6000000091742108857
Q31166,6000000005598867737; 6000000005598867737; 6000000005598867737; 6000000005598867737; 6000000005598867737; 6000000005598867737
Q31178,6000000140223930859; 6000000140223930859; 6000000140223930859; 6000000140223930859; 6000000140223930859; 6000000140223930859
Q31182,6000000140223999865; 6000000140223999865; 6000000140223999865; 6000000140223999865; 6000000140223999865; 6000000140223999865
Q31191,6000000035595553258
Q31195,6000000015530444476
Q31199,6000000035606618843
Q31203,6000000010894533002
Q31207,6000000011164072137
Q31211,6000000011164691827
Q31215,6000000011163688137
Q31219,6000000059866983970; 6000000059866983970; 6000000059866983970; 6000000059866983970; 6000000059866983970; 6000000059866983970
Q31223,6000000081703923969
Q31227,6000000081078833872
Q31231,6000000081277587114; 6000000081277587114; 6000000081277587114; 6000000081277587114; 6000000081277587114; 6000000081277587114
Q31235,6000000061610317991; 6000000061610317991; 6000000061610317991; 6000000061610317991; 6000000061610317991; 6000000061610317991
Q31239,6000000081706214276
Q31247,6000000013383872627; 6000000013383872627; 6000000013383872627; 6000000013383872627; 6000000013383872627; 6000000013383872627
Q31251,6000000026854320992
Q31255,6000000081413941869
Q31259,6000000081413534860
Q31263,6000000049823322166
Q31267,6000000015387063452
Q31271,6000000050280008123
Q31275,6000000050280151920
Q31279,6000000078847545046
Q31283,6000000192488888833
Q31287,6000000050279821313
Q31291,6000000029178511996
Q31295,6000000029178571860
Q31299,6000000037473334345
Q31303,6000000029177509198
Q31307,6000000023683750042
Q31311,6000000029178780307
Q31315,6000000029178873360
Q31319,6000000029178769557
Q31323,6000000029178968906
Q31327,6000000029178220807
Q31335,6000000029179005840
Q31339,6000000029178830650
Q31344,6000000029179638762
Q31348,6000000012821948715
Q31356,6000000029178190379
Q31360,6000000029178119504
Q31364,6000000029178775847
Q31368,6000000029178085482
Q31376,6000000029178157203
Q31380,6000000029178081787
Q31384,6000000029178850311
Q31388,6000000029179854016
Q31392,6000000029179779950
Q31396,6000000029179898033
Q31400,6000000029179648162
Q31404,6000000029179003685
Q31408,6000000029179604675
Q31412,6000000089101311883
Q31420,6000000089101491833; 6000000089101491833; 6000000089101491833; 6000000089101491833; 6000000089101491833; 6000000089101491833
Q31424,6000000089099192971
Q31428,6000000089100914906
Q31432,6000000029181438922
Q31436,6000000029179321290
Q31440,6000000018640272370
Q31444,6000000051040029993; 6000000051040029993; 6000000051040029993; 6000000051040029993; 6000000051040029993; 6000000051040029993
Q31448,6000000006774632152; 6000000006774632152; 6000000006774632152; 6000000006774632152; 6000000006774632152; 6000000006774632152
Q31452,6000000014745924331
Q31460,6000000014745924327
Q31464,6000000014737089858
Q31468,6000000014737194751
Q31472,6000000002638769862
Q31476,6000000014516265413
Q31480,6000000013598149785
Q31492,6000000000348791173; 6000000000348791173; 6000000000348791173; 6000000000348791173; 6000000000348791173; 6000000000348791173
Q31496,6000000024861314003; 6000000024861314003; 6000000024861314003; 6000000024861314003; 6000000024861314003; 6000000024861314003
Q31504,6000000012522847794
Q31508,6000000012522640988
Q31512,6000000027453532567
Q31516,6000000010926762590
Q31524,6000000000348804448
Q31532,6000000014737234060
Q31536,6000000080940445511
Q31541,6000000077314509043
Q31553,6000000059867029941; 6000000059867029941; 6000000059867029941; 6000000059867029941; 6000000059867029941; 6000000059867029941
Q31557,6000000081271728823
Q31561,6000000081068884433
Q31565,6000000080874546821
Q31569,6000000080874279055
Q31573,6000000080888749365
Q31577,6000000080873771125
Q31581,6000000080887508804
Q31585,6000000009836718519
Q31597,6000000076340368551
Q31601,6000000076304201855
Q31605,6000000076393260830
Q31609,6000000076340533318
Q31613,6000000064525921950
Q31617,6000000008278469777
Q31621,6000000076377368822
Q31625,6000000001147683384
Q31633,6000000081020530672
Q31637,6000000081021383201
Q31641,6000000082161131882
Q31645,6000000014694967292
Q31649,6000000007742631634; 6000000007742631634; 6000000007742631634; 6000000007742631634; 6000000007742631634; 6000000007742631634
Q31653,6000000103970492974; 6000000103970492974; 6000000103970492974; 6000000103970492974; 6000000103970492974; 6000000103970492974
Q31657,6000000201018987887
Q31661,6000000014747722991
Q31665,6000000011046396790
Q31669,6000000027061107872; 6000000027061107872; 6000000027061107872; 6000000027061107872; 6000000027061107872; 6000000027061107872
Q31677,6000000001655964160
Q31681,6000000029288980201
Q31685,6000000067880043187
Q31689,6000000007385723086; 6000000007385723086; 6000000007385723086; 6000000007385723086; 6000000007385723086; 6000000007385723086
Q31693,6000000017386285842
Q31697,6000000012546538224
Q31701,6000000001500817472
Q31705,6000000009877830505
Q31709,6000000009877385123
Q31713,6000000020921323288
Q31725,6000000054687310150
Q31729,6000000001500817346
Q31733,6000000079675779915
Q31737,6000000079675813049
Q31741,6000000000401596293
Q31745,6000000001500803649; 6000000001500803649; 6000000001500803649; 6000000001500803649; 6000000001500803649; 6000000001500803649
Q31749,6000000025182700932
Q31753,6000000001500803697
Q31757,6000000001500803593
Q31765,6000000001500817364
Q31769,6000000001500817392; 6000000001500817392; 6000000001500817392; 6000000001500817392; 6000000001500817392; 6000000001500817392
Q31773,6000000001500817384
Q31777,6000000007847453842; 6000000007847453842; 6000000007847453842; 6000000007847453842; 6000000007847453842; 6000000007847453842
Q31781,6000000001500817441
Q31785,6000000017690930100
Q31789,6000000017691083109
Q31793,6000000017691069176
Q31797,6000000020841839345
Q31801,6000000020841804265
Q31809,6000000020841828298
Q31813,6000000079623525688
Q31817,6000000020841841366
Q31821,6000000020841892535
Q31825,6000000020841946349
Q31829,6000000020842041955
Q31833,6000000031824578058
Q31837,6000000017360987440
Q31841,6000000041022746092
Q31845,6000000001784668343; 6000000001784668343; 6000000001784668343; 6000000001784668343; 6000000001784668343; 6000000001784668343
Q31853,6000000079407249921
Q31861,6000000180103757900
Q31865,6000000053594369182; 6000000053594369182; 6000000053594369182; 6000000053594369182; 6000000053594369182; 6000000053594369182
Q31869,6000000053706925096; 6000000053706925096; 6000000053706925096; 6000000053706925096; 6000000053706925096; 6000000053706925096
Q31873,6000000081481969843
Q31877,6000000081484054004
Q31881,6000000081484708095
Q31886,6000000081485537995
Q31890,6000000081486022905
Q31898,6000000081485888279
Q31902,6000000081486211120
Q31906,6000000081486808052
Q31910,6000000187459101855
Q31914,6000000024612234051; 6000000024612234051; 6000000024612234051; 6000000024612234051; 6000000024612234051; 6000000024612234051
Q31918,6000000081482471844
Q31922,6000000145959729074; 6000000145959729074; 6000000145959729074; 6000000145959729074; 6000000145959729074; 6000000145959729074
Q31926,6000000081481103170
Q31930,6000000003199640327
Q31934,6000000010898193377
Q31942,6000000003199536582
Q31946,6000000003199428589
Q31950,6000000085318873858
Q31954,6000000085318873862
Q31958,6000000085318958920
Q31962,6000000085318958924
Q31966,6000000085319416830
Q31970,6000000085319416824
Q31974,6000000085319416821
Q31978,6000000085319416833
Q31986,6000000085319416827
Q31990,6000000085310208100; 6000000085310208100; 6000000085310208100; 6000000085310208100; 6000000085310208100; 6000000085310208100
Q31994,6000000085310208096; 6000000085310208096; 6000000085310208096; 6000000085310208096; 6000000085310208096; 6000000085310208096
Q31998,6000000085310208091; 6000000085310208091
Q32002,6000000085310142239; 6000000085310142239
Q32006,6000000085310142247; 6000000085310142247
Q32010,6000000085310142243; 6000000085310142243
Q32014,6000000085311323841; 6000000085311323841
Q32018,6000000009150723640; 6000000009150723640
Q32022,6000000067387480960; 6000000067387480960
Q32030,6000000009525551274; 6000000009525551274
Q32034,6000000067393601833; 6000000067393601833
Q32038,6000000085316972824; 6000000085316972824
Q32042,6000000035543712714; 6000000035543712714
Q32046,6000000067392200836; 6000000067392200836
Q32050,6000000016974801722; 6000000016974801722
Q32054,6000000003199297829; 6000000003199297829
Q32058,6000000003199297881; 6000000003199297881
Q32062,6000000003199427641; 6000000003199427641
Q32066,6000000003199536731; 6000000003199536731
Q32074,6000000003199428716; 6000000003199428716
Q32078,6000000003199645068; 6000000003199645068
Q32082,6000000003199659506; 6000000003199659506
Q32086,6000000004850543054; 6000000004850543054
Q32090,6000000027214856128; 6000000027214856128
Q32094,6000000006367763402; 6000000006367763402
Q32098,6000000015537131986; 6000000015537131986
Q32102,6000000015200266210; 6000000015200266210
Q32106,6000000009236247729; 6000000009236247729
Q32110,6000000015200133237; 6000000015200133237
Q32118,6000000032845218029; 6000000032845218029
Q32122,6000000015200173571; 6000000015200173571
Q32126,6000000038130436669; 6000000038130436669
Q32130,6000000016168955334; 6000000016168955334
Q32134,6000000016168711784; 6000000016168711784
Q32138,6000000033654238590; 6000000033654238590
Q32142,6000000033654545947; 6000000033654545947
Q32146,6000000098495579945; 6000000098495579945
Q32150,6000000104841590852; 6000000104841590852
Q32154,6000000017854411415; 6000000017854411415
Q32162,6000000006789298848; 6000000006789298848
Q32166,6000000013568780250; 6000000013568780250
Q32170,6000000012974518625; 6000000012974518625
Q32174,6000000012974670464; 6000000012974670464
Q32178,6000000012974669322; 6000000012974669322
Q32182,6000000012974606965; 6000000012974606965
Q32190,6000000000687860380; 6000000000687860380
Q32194,6000000047859381951; 6000000047859381951
Q32198,6000000048278417197; 6000000048278417197
Q32206,6000000048278080531; 6000000048278080531
Q32210,6000000049320805827; 6000000049320805827
Q32214,6000000049536221861; 6000000049536221861
Q32218,6000000031347271240; 6000000031347271240
Q32222,6000000049536068931; 6000000049536068931
Q32226,6000000049536362847; 6000000049536362847
Q32230,6000000041173258031; 6000000041173258031
Q32234,6000000001500799844; 6000000001500799844
Q32238,6000000127654472918; 6000000127654472918
Q32242,6000000010826926481; 6000000010826926481
Q32250,6000000005599151568; 6000000005599151568
Q32254,6000000009856971750; 6000000009856971750
Q32258,6000000005024502001; 6000000005024502001
Q32262,6000000003896572008; 6000000003896572008
Q32266,6000000010826950462; 6000000010826950462
Q32274,6000000013624366522; 6000000013624366522
Q32278,6000000013624748340; 6000000013624748340
Q32282,6000000013632919762; 6000000013632919762
Q32286,6000000013633054364; 6000000013633054364
Q32294,6000000033546809357; 6000000033546809357
Q32302,6000000009689602611; 6000000009689602611
Q32310,6000000009857369994; 6000000009857369994
Q32318,6000000003199803064; 6000000003199803064
Q32323,6000000015530158718; 6000000015530158718
Q32335,6000000032306671212; 6000000032306671212
Q32339,6000000032306321799; 6000000032306321799
Q32343,6000000012654236026; 6000000012654236026
Q32347,6000000011164240108; 6000000011164240108
Q32351,6000000045997266920; 6000000045997266920
Q32355,6000000081080303904; 6000000081080303904
Q32359,6000000082065244146; 6000000082065244146
Q32363,6000000061609864259; 6000000061609864259
Q32367,6000000090450425986; 6000000090450425986
Q32375,6000000081706428155; 6000000081706428155
Q32379,6000000080872778960; 6000000080872778960
Q32383,6000000080872763924; 6000000080872763924
Q32387,6000000013383789529; 6000000013383789529
Q32391,6000000014004117443; 6000000014004117443
Q32395,6000000033654682302; 6000000033654682302
Q32399,6000000026854286280; 6000000026854286280
Q32403,6000000049823669949; 6000000049823669949
Q32407,6000000003493473993; 6000000003493473993
Q32423,6000000078847826874; 6000000078847826874
Q32427,6000000013153455767; 6000000013153455767
Q32431,6000000050279669259; 6000000050279669259
Q32435,6000000050280225872; 6000000050280225872
Q32443,6000000023683620998; 6000000023683620998
Q32447,6000000192488881821; 6000000192488881821
Q32451,6000000029178720478; 6000000029178720478
Q32455,6000000029178910184; 6000000029178910184
Q32463,6000000029179018836; 6000000029179018836
Q32467,6000000102534153833; 6000000102534153833
Q32471,6000000029178847271; 6000000029178847271
Q32475,6000000026107783268; 6000000026107783268
Q32479,6000000026107650210; 6000000026107650210
Q32483,6000000026107504286; 6000000026107504286
Q32487,6000000026107611819; 6000000026107611819
Q32491,6000000026107703204; 6000000026107703204
Q32495,6000000029176944961; 6000000029176944961
Q32499,6000000029178606623; 6000000029178606623
Q32507,6000000029178614295; 6000000029178614295
Q32511,6000000029178589095; 6000000029178589095
Q32515,6000000029178581005; 6000000029178581005
Q32519,6000000042555961635; 6000000042555961635
Q32523,6000000042556070639; 6000000042556070639
Q32527,6000000042556102526; 6000000042556102526
Q32532,6000000029178666916; 6000000029178666916
Q32536,6000000029178543961; 6000000029178543961
Q32540,6000000029178040234; 6000000029178040234
Q32544,6000000029178901068; 6000000029178901068
Q32552,6000000089101608919; 6000000089101608919
Q32556,6000000089099181834; 6000000089099181834
Q32560,6000000083126528207; 6000000083126528207
Q32564,6000000089098405901; 6000000089098405901
Q32568,6000000018640190323; 6000000018640190323
Q32572,6000000039635529933; 6000000039635529933
Q32576,6000000014746058375; 6000000014746058375
Q32580,6000000014746306024; 6000000014746306024
Q32584,6000000014746271223; 6000000014746271223
Q32592,6000000014746271229; 6000000014746271229
Q32596,6000000014746271234; 6000000014746271234
Q32600,6000000014746336428; 6000000014746336428
Q32604,6000000014737191269; 6000000014737191269
Q32608,6000000002638833316; 6000000002638833316
Q32612,6000000014736954716; 6000000014736954716
Q32616,6000000007013506147; 6000000007013506147
Q32620,6000000027453577686; 6000000027453577686
Q32624,6000000013585897307; 6000000013585897307
Q32628,6000000044377113754; 6000000044377113754
Q32636,6000000044377580072; 6000000044377580072
Q32652,6000000011099674877; 6000000011099674877
Q32656,6000000082954138092; 6000000082954138092
Q32660,6000000082954291132; 6000000082954291132
Q32664,6000000011461716659; 6000000011461716659
Q32668,6000000024860840687; 6000000024860840687
Q32672,6000000012522703344; 6000000012522703344
Q32680,6000000027453652137; 6000000027453652137
Q32684,6000000010926658710; 6000000010926658710
Q32688,6000000086168793884; 6000000086168793884
Q32692,6000000086168857888; 6000000086168857888; 6000000086168857888
Q32696,6000000086166593435; 6000000086166593435; 6000000086166593435
Q32700,6000000086168275054; 6000000086168275054; 6000000086168275054
Q32708,6000000000348807313; 6000000000348807313; 6000000000348807313
Q32712,6000000000348889249; 6000000000348889249; 6000000000348889249
Q32716,6000000080988343980; 6000000080988343980; 6000000080988343980
Q32724,6000000080941395273; 6000000080941395273; 6000000080941395273
Q32728,6000000081074088828; 6000000081074088828; 6000000081074088828
Q32732,6000000081078080908; 6000000081078080908; 6000000081078080908
Q32736,6000000049537603972; 6000000049537603972; 6000000049537603972
Q32740,6000000077452449783; 6000000077452449783; 6000000077452449783
Q32744,6000000081077174076; 6000000081077174076; 6000000081077174076
Q32748,6000000081076758237; 6000000081076758237; 6000000081076758237
Q32756,6000000081972968040; 6000000081972968040; 6000000081972968040
Q32760,6000000084115431140; 6000000084115431140; 6000000084115431140
Q32768,6000000081067024350; 6000000081067024350; 6000000081067024350
Q32772,6000000081073069855; 6000000081073069855; 6000000081073069855
Q32780,6000000009836418667; 6000000009836418667; 6000000009836418667
Q32784,6000000080992352849; 6000000080992352849; 6000000080992352849
Q32788,6000000009836767411; 6000000009836767411; 6000000009836767411
Q32792,6000000076396233081; 6000000076396233081; 6000000076396233081
Q32812,6000000076400944576; 6000000076400944576; 6000000076400944576
Q32816,6000000102224822840; 6000000102224822840; 6000000102224822840
Q32824,6000000076393988925; 6000000076393988925; 6000000076393988925
Q32828,6000000076398503904; 6000000076398503904; 6000000076398503904
Q32832,6000000076399122024; 6000000076399122024; 6000000076399122024
Q32836,6000000076400261907; 6000000076400261907; 6000000076400261907
Q32840,6000000080888607979; 6000000080888607979; 6000000080888607979
Q32844,6000000076393575940; 6000000076393575940; 6000000076393575940
Q32848,6000000083357906047; 6000000083357906047; 6000000083357906047
Q32856,6000000076394769303; 6000000076394769303; 6000000076394769303
Q32860,6000000083183205407; 6000000083183205407; 6000000083183205407
Q32864,6000000076431876823; 6000000076431876823; 6000000076431876823
Q32868,6000000076909823844; 6000000076909823844; 6000000076909823844
Q32872,6000000078405056870; 6000000078405056870; 6000000078405056870
Q32876,6000000083500872086; 6000000083500872086; 6000000083500872086
Q32881,6000000083502923153; 6000000083502923153; 6000000083502923153
Q32885,6000000085691688840; 6000000085691688840; 6000000085691688840
Q32889,6000000076646654100; 6000000076646654100; 6000000076646654100
Q32893,6000000076406988860; 6000000076406988860; 6000000076406988860
Q32901,6000000049695251863; 6000000049695251863; 6000000049695251863
Q32905,6000000084396237778; 6000000084396237778; 6000000084396237778
Q32909,6000000176792087858; 6000000176792087858; 6000000176792087858
Q32913,6000000064526403824; 6000000064526403824; 6000000064526403824
Q32917,6000000072981384673; 6000000072981384673; 6000000072981384673
Q32921,6000000072983167822; 6000000072983167822; 6000000072983167822
Q32925,6000000081025970050; 6000000081025970050; 6000000081025970050
Q32933,6000000076407388822; 6000000076407388822; 6000000076407388822
Q32937,6000000084131955288; 6000000084131955288; 6000000084131955288
Q32945,6000000084132464924; 6000000084132464924; 6000000084132464924
Q32949,6000000106068398821; 6000000106068398821; 6000000106068398821
Q32953,6000000076902369953; 6000000076902369953; 6000000076902369953
Q32957,6000000076337509093; 6000000076337509093; 6000000076337509093
Q32961,6000000081296135198; 6000000081296135198; 6000000081296135198
Q32965,6000000084103278945; 6000000084103278945; 6000000084103278945
Q32969,6000000001091889788; 6000000001091889788; 6000000001091889788
Q32973,6000000081021592968; 6000000081021592968; 6000000081021592968
Q32977,6000000082160330091; 6000000082160330091; 6000000082160330091
Q32981,6000000014694749861; 6000000014694749861; 6000000014694749861
Q32993,6000000009986410725; 6000000009986410725; 6000000009986410725
Q32997,6000000003754531992; 6000000003754531992; 6000000003754531992
Q33001,6000000003754762311; 6000000003754762311; 6000000003754762311
Q33005,6000000003754767522; 6000000003754767522; 6000000003754767522
Q33009,6000000009986493523; 6000000009986493523
Q89776,6000000003828392293
Q89860,6000000003828392588
Q94179,6000000015277893631
Q94441,6000000030594692587
Q94559,6000000005440561460
Q96888,6000000021564067112
Q99725,6000000003646041241
Q105555,6000000009792459373
Q106496,6000000003153535504
Q111570,6000000000033235630
Q111971,6000000004052699411
Q112469,6000000003137948870
Q112493,6000000006322709728
Q113276,6000000003748885357
Q113278,6000000003098232104
Q113280,6000000003827957559
Q113282,6000000006175853094
Q113284,6000000012913702220
Q113286,6000000000380078234
Q113288,6000000012913580962
Q113290,6000000007305682865
Q113292,6000000143203951033
Q113294,6000000000424637434
Q113296,6000000003827579320
Q113299,6000000001655942715
Q113301,6000000011727532274
Q113303,5095722400930081721
Q113305,6000000006290690807
Q113307,6000000015456756101
Q113309,6000000015456646677
Q113311,6000000010751606590
Q113313,6000000013262835514
Q113315,6000000013263051581
Q113317,6000000006277494323
Q113319,6000000015183256180
Q113321,6000000015529044032
Q113323,6000000009237866616
Q113325,6000000000877940545
Q113327,6000000000727767196
Q113329,6000000000868537772
Q113331,6000000000727908154
Q113333,6000000004988453868
Q113335,4876632757330125828
Q113337,6000000001588461195
Q113339,6000000001588423820
Q113341,6000000011051100655
Q113343,6000000010535443348
Q113345,6000000015730117776
Q113347,6000000002187918192
Q113349,6000000002188179211
Q113351,6000000002188179227
Q113353,6000000010048295773
Q113355,6000000001412933079
Q113357,6000000003637371758
Q113359,6000000000035085293
Q113361,6000000003827957300
Q113363,6000000003827957293
Q113365,6000000011063532109
Q113367,6000000011064819388
Q113369,6000000010048302620
Q113371,6000000017081503218
Q113373,6000000002010067545
Q113375,6000000012996619838
Q113377,6000000012996757112
Q113379,6000000087742200958
Q113381,6000000000128853516
Q113383,6000000006290748274
Q113387,6000000013040071447
Q113391,6000000022715625854
Q113393,6000000004283167088
Q113395,6000000004282916954
Q113397,6000000004283167095
Q113399,6000000004283167101
Q113401,6000000015732884944
Q113403,6000000015733483064
Q113405,6000000027748412131
Q113407,6000000027745489704
Q113409,6000000027748625136
Q113411,6000000001645583663
Q113413,6000000002005880537
Q113415,6000000000437081406
Q113417,6000000000424707234
Q113419,6000000008630658047
Q113421,6000000002187798960
Q113423,6000000002187801051
Q113425,6000000009304914271
Q113427,6000000004533672231
Q113429,6000000000130072204
Q113431,6000000039184609023
Q113433,6000000137102096179
Q113435,6000000136977309038
Q113437,6000000181363249825
Q113439,6000000181361986840
Q113441,6000000016170670442
Q113443,6000000016170610865
Q113445,6000000003828011283
Q113447,6000000016170620521
Q113449,6000000016170782455
Q113451,6000000013433249397
Q113453,6000000006174872994
Q113455,6000000000424629902
Q113457,6000000013433100929
Q113459,6000000003828338839
Q113461,6000000017235865021
Q113463,6000000011668623315
Q113465,6000000171737856833
Q113467,6000000000424707328
Q113469,6000000000822948144
Q113471,6000000000571768821
Q113473,6000000000424646976
Q113475,6000000013712771768
Q113477,6000000000424693000
Q113479,6000000011658539766
Q113481,352661220670011912
Q113483,6000000171739413903
Q113485,6000000047505418377
Q113487,4069362827280123516
Q113489,4069370741990010384
Q113491,6000000002188182630
Q113493,6000000006101386350
Q113495,6000000008177453633
Q113497,6000000010913355429
Q113499,6000000010914041202
Q113501,6000000010913954409
Q113503,6000000004672476978
Q113505,6000000000033574057
Q113507,6000000000033487403
Q113509,6000000000114360346
Q113511,6000000009305076209
Q113513,6000000003828345089
Q113515,6000000195121040875
Q113517,6000000000241508846
Q113519,5153067382200073653
Q113521,6000000001864373744
Q113523,6000000003152425037
Q113525,6000000006250792091
Q113527,6000000006250612370
Q113529,6000000006250333661
Q113531,6000000013432863961
Q113533,6000000078167620414
Q113535,6000000006250771231
Q113537,6000000012997819774
Q113539,6000000000529574627
Q113541,6000000006250674236
Q113543,6000000006250568438
Q113545,6000000006250626427
Q113547,6000000006250462266
Q113549,6000000018138942515
Q113551,6000000008301619837
Q113553,6000000038729025220
Q113555,6000000015538887661
Q113557,6000000011768373754
Q113559,6000000015539142202
Q113561,6000000011829065837
Q113563,6000000011360512692
Q113565,6000000007387506405
Q113567,6000000003152572620
Q113569,6000000011580616531
Q113571,6000000000047609875
Q113573,6000000000047598870
Q113575,6000000011744495385
Q113577,6000000011744530282
Q113579,6000000001655946611
Q113581,6000000148809189846
Q113583,6000000148803889821
Q113585,6000000148804006822
Q113587,6000000148803968889
Q113589,6000000006988048964
Q113591,6000000006988203922
Q113593,6000000001967665319
Q113595,6000000149586673311
Q113597,6000000002908503077
Q113599,6000000002908558226
Q113601,6000000005789438199
Q113603,6000000014463639153
Q113605,6000000177616801858
Q113607,6000000000040048422
Q113609,6000000154156468837
Q113611,6000000011738255288
Q113613,6000000076890017026
Q113615,6000000000008140311
Q113617,6000000076890231003
Q113619,6000000000040046862
Q113621,6000000149596842953
Q113623,6000000185722521967
Q113625,6000000177994268821
Q113627,6000000011727084960
Q113629,6000000002531838996
Q113631,6000000000040034594
Q113633,6000000007387018987
Q113635,6000000001412929190
Q113637,6000000000043501644
Q113639,6000000003827890751
Q113641,6000000003637367931
Q113643,6000000003637367926
Q113645,6000000003828009503
Q113647,6000000000044331364
Q113649,6000000001412935986
Q113651,6000000025986660115
Q113653,6000000025987014076
Q113655,6000000001864350862
Q113657,6000000011921184581
Q113659,6000000003342295232
Q113663,6000000011921938276
Q113665,6000000003493284804
Q113667,4179186754290040655
Q113669,6000000003493284645
Q113671,3926469189610120429
Q113673,6000000006784143033
Q113675,6000000003493284811
Q113677,6000000008462702879
Q113679,6000000001542794873
Q113681,6000000011649858742
Q113683,6000000000040036626
Q113685,6000000003827902069
Q113687,6000000015424916066
Q113689,6000000013969156266
Q113691,6000000021745423379
Q113693,6000000013400630479
Q113695,6000000001412918732
Q113697,6000000000383945714
Q113699,6000000015232824578
Q113701,6000000021693852367
Q113703,6000000015435741140
Q113705,6000000008460814552
Q113707,6000000008460842682
Q113709,6000000001412921067
Q113711,6000000001435528178
Q113713,6000000001412900128
Q113715,6000000001412921049
Q113717,6000000001412921041
Q113719,6000000000160884769
Q113721,6000000007152206231
Q113723,6000000003827890744
Q113725,6000000008008318368
Q113727,6000000011842161219
Q113729,6000000173893732195
Q113731,6000000001412875513
Q113733,6000000011738443377
Q113735,6000000001412918976
Q113737,6000000001818689001
Q113739,6000000015211606226
Q113741,6000000013900965645
Q113743,6000000013901018287
Q113745,6000000013900993355
Q113747,6000000011194072885
Q113749,6000000013900428933
Q113751,6000000013901147006
Q113753,6000000008574566104
Q113755,6000000008574603938
Q113757,6000000004847923376
Q113759,6000000000486080064
Q113761,6000000007387303479
Q113763,6000000007387392346
Q113765,6000000001412870631
Q113767,6000000013885273918
Q113769,6000000001435415570
Q113771,6000000013970243459
Q113773,6000000036839936639
Q113775,6000000140223076946
Q113777,6000000069464533441
Q113779,4067552991300020569
Q113781,6000000001412921355
Q113783,6000000001818652073
Q113785,6000000001728253927
Q113787,6000000000043353878
Q113789,6000000000010050899
Q113791,6000000016236339958
Q113793,6000000013997205437
Q113795,6000000013996954752
Q113797,6000000005222341104
Q113799,6000000005222293173
Q113801,6000000008316124870
Q113803,6000000012176764112
Q113805,6000000008315853743
Q113807,6000000016236626964
Q113809,6000000016236800371
Q113811,6000000016236808512
Q113813,6000000016236782309
Q113815,6000000021674519319
Q113817,6000000001435528136
Q113819,6000000001699485361
Q113821,6000000001435528122
Q113823,6000000014466635612
Q113825,6000000014466546780
Q113827,6000000014466608865
Q113829,6000000014466635690
Q113831,6000000014466832009
Q113833,6000000003026201822
Q113835,6000000019600391500
Q113837,6000000012176710121
Q113839,6000000013885243343
Q113841,6000000014446849669
Q113843,6000000006988549183
Q113845,6000000000083126224
Q113847,6000000011513383211
Q113849,6000000000083066475
Q113851,6000000011910903809
Q113853,6000000012140837603
Q113855,6000000004306764102
Q113857,6000000001412900697
Q113859,6000000008755460229
Q113861,6000000000008124439
Q113863,6000000015550634455
Q113865,6000000015550652677
Q113867,6000000146318350822
Q113869,6000000146319483917
Q113871,6000000022834288427
Q113873,6000000013263038135
Q113875,6000000013263165492
Q113877,6000000008943814218
Q113879,6000000003927558322
Q113881,6000000030855624219
Q113883,6000000001342014295
Q113885,6000000017001476548
Q113887,6000000017001471506
Q113889,6000000018801223457
Q113891,6000000001412929376
Q113893,6000000001412929336
Q113895,6000000029494500014
Q113897,6000000013985070107
Q113899,6000000030548353871
Q113901,6000000010904999505
Q113903,6000000189633392838
Q113905,6000000013985092006
Q113907,6000000001699485385
Q113909,6000000013984979330
Q113911,6000000006277347531
Q113913,6000000000803629561
Q113915,6000000001412921289
Q113917,6000000001412921205
Q113919,6000000004251349444
Q113921,6000000017001533617
Q113923,6000000078149623173
Q113925,6000000003948401571
Q113927,6000000078152489560
Q113929,6000000003983711638
Q113931,6000000003593885258
Q113933,6000000004262323164
Q113935,6000000017137336849
Q113937,6000000000796210595
Q113939,6000000017137552037
Q113941,6000000017137328326
Q113943,6000000000062077268
Q113945,6000000000040037892
Q113947,6000000010977230266
Q113949,6000000003637345226
Q113951,6000000008200469900
Q113953,6000000003828011431
Q113955,6000000006591545591
Q113957,6000000006591947092
Q113959,6000000006591514748
Q113961,6000000003268106570
Q113963,6000000039572102976
Q113965,6000000006277429551
Q113967,6000000000796403192
Q113969,6000000017137368745
Q113971,6000000017137332218
Q113973,6000000074785838890
Q113975,6000000074785748996
Q113977,5508684470320086533
Q113979,6000000004161356895
Q113984,6000000003300861340
Q113986,6000000003814991350
Q113988,6000000039571771790
Q113991,6000000039568198400
Q113993,6000000003297930529
Q113995,6000000003298178268
Q113997,6000000003824174362
Q113999,6000000008462837508
Q114001,6000000008462869221
Q114003,6000000212017093824
Q114005,6000000001435415656
Q114007,6000000001728253430
Q114009,6000000013884220106
Q114011,6000000181882376822
Q114013,6000000001435226422
Q114015,6000000007152097436
Q114017,6000000013884405797
Q114019,6000000216921453851
Q114021,6000000003570398165
Q114023,6000000006274579773
Q114025,6000000015781579989
Q114027,6000000034999803733
Q114029,6000000027969131198
Q114030,6000000007387325320
Q114032,6000000015342581466
Q114034,6000000013885624685
Q114036,6000000207531451823
Q114038,6000000010570865178
Q114040,6000000003828011290
Q114042,6000000008192122953
Q114044,6000000010782427706
Q114046,6000000006936749205
Q114048,6000000001500872352
Q114051,6000000001435415599
Q114053,6000000001435415590
Q114055,6000000007387458269
Q114057,6000000000008148520
Q114059,6000000017663054612
Q114061,6000000021965971461
Q114063,6000000007152203213
Q114065,6000000000386726880
Q114067,6000000000043815372
Q114069,6000000006988568013
Q114071,6000000194006845821
Q114073,6000000000043756717
Q114075,6000000016159351963
Q114077,6000000001864350618
Q114079,6000000008316008713
Q114081,6000000001435415523
Q114083,4538914255540011555
Q114085,6000000001412909956
Q114087,6000000036138292719
Q114089,6000000036138772371
Q114091,6000000006591165821
Q114092,6000000145929873934
Q114093,6000000003493181104
Q114094,6000000006277673371
Q114096,6000000039234271548
Q114098,6000000000494115029
Q114100,6000000078130144178
Q114102,6000000004533735641
Q114104,6000000012152843449
Q114106,6000000012152872531
Q114108,6000000012152677725
Q114110,6000000012152856351
Q114112,6000000012152908343
Q114114,6000000012152667384
Q114116,6000000004988107839
Q114118,6000000004285618635
Q114120,6000000074785638833
Q114122,6000000087741214926
Q114124,6000000174357261941
Q114126,6000000133030742821
Q114128,6000000012150704633
Q114130,6000000012996458037
Q114132,6000000000549407684
Q114134,6000000003493155609
Q114136,6000000003982965831
Q114138,6000000046650576821
Q114140,6000000008268244687
Q114142,6000000004988344492
Q114144,6000000003827957157
Q114146,6000000004988344456
Q114148,6000000004988344462
Q114150,6000000004988344474
Q114152,6000000004988344480
Q114154,6000000006280646501
Q114156,6000000003637306717
Q114158,6000000003637377630
Q114160,6000000000514457197
Q114162,6000000011038410059
Q114164,6000000027218401809
Q114166,6000000005039077080
Q114168,6000000007191918707
Q114170,6000000047977463859
Q114172,6000000005788959827
Q114174,6000000011301203526
Q114176,6000000001588440396
Q114178,6000000027968427550
Q114180,6000000027968857888
Q114182,6000000193867969840
Q114184,6000000003827568399
Q114186,6000000003827568298
Q114188,6000000004978657810
Q114190,6000000031736026139
Q114192,6000000031735683496
Q114194,6000000003828338406
Q114196,6000000004678457777
Q114198,6000000011621089464
Q114200,6000000006784471041
Q114202,6000000003051295453
Q114204,6000000002188307441
Q114206,6000000009304903592
Q114208,6000000003827661466
Q114210,6000000004868825781
Q114212,6000000004869186773
Q114214,6000000011058490685
Q114216,6000000015613443613
Q114218,6000000007151587832
Q114220,6000000015613668017
Q114222,6000000078350833140
Q114224,6000000020681764734
Q114226,6000000078350624187
Q114228,6000000003828371060
Q114230,6000000003828371067
Q114232,6000000007150940630
Q114234,6000000007151823690
Q114236,6000000017807133182
Q114238,6000000017807104282
Q114240,6000000027110921527
Q114242,6000000006175171662
Q114244,6000000034675980605
Q114246,6000000021748501664
Q114248,6000000021768766825
Q114250,6000000021768907825
Q114252,6000000021770571321
Q114254,6000000007335484017
Q114256,6000000008394773867
Q114258,6000000007209082108
Q114260,6000000097298904897
Q114262,6000000030484807850
Q114264,6000000032398907420
Q114266,6000000001736399824
Q114268,5549772381560104706
Q114270,6000000004549020407
Q114272,6000000004978839571
Q114274,6000000004978839527
Q114276,6000000004978839577
Q114278,6000000003493287333
Q114280,6000000010556906140
Q114282,6000000003493283979
Q114284,6000000016159555469
Q114286,6000000005251122383
Q114288,6000000010219242117
Q114290,6000000009437883403
Q114292,6000000003654832299
Q114294,6000000001374192809
Q114296,6000000004988559110
Q114298,6000000017116171262
Q114300,6000000017116202148
Q114302,6000000013899625852
Q114304,5152220457910119673
Q114306,6000000008492033851
Q114308,6000000003589272131
Q114310,6000000011511042860
Q114312,6000000001818496744
Q114314,6000000004343473997
Q114316,6000000004343575617
Q114320,6000000004343575642
Q114322,6000000000437615749
Q114324,6000000011324967085
Q114326,6000000004343575636
Q114328,6000000011324477087
Q114330,6000000016171003193
Q114332,6000000016170996176
Q114334,6000000015183226055
Q114336,6000000015183188357
Q114338,6000000063356421872
Q114340,6000000015183251109
Q114342,6000000008531912580
Q114344,6000000039234278077
Q114346,6000000032281473698
Q114348,6000000032281788036
Q114350,6000000001864353406
Q114352,6000000001864353385
Q114354,6000000031963864019
Q116238,6000000193074000836
Q116250,6000000011494751691
Q117759,6000000040236886381
Q118053,6000000012459897565
Q118055,6000000012460149507
Q118057,6000000025891959899
Q118059,6000000012240014469
Q118061,6000000000361052707
Q118063,6000000012454119015
Q118065,6000000201164568851
Q118067,6000000012140917011
Q118069,6000000008979414400
Q118071,6000000014862946347
Q118073,6000000020360416068
Q118075,6000000003388892479
Q118077,6000000020360414081
Q118079,6000000014497118668
Q118081,6000000000082952745
Q118083,6000000004306652099
Q118085,6000000001412875461
Q118087,6000000014497167159
Q118089,6000000014497813274
Q118091,6000000008492052572
Q118093,6000000036749630092
Q118095,6000000015423514126
Q118097,6000000014466806470
Q118099,6000000008491852776
Q118101,6000000015423814017
Q118103,6000000015423618590
Q118105,6000000015423765204
Q118107,6000000003828011494
Q118109,6000000012641290692
Q118111,6000000016236924351
Q118113,6000000014863515570
Q118115,6000000014863433934
Q118117,6000000008761611286
Q118119,6000000014863673109
Q118121,6000000014863624380
Q118123,6000000014863557848
Q118125,6000000014863557889
Q118127,6000000014863637188
Q118129,6000000014863647579
Q118131,6000000186313926034
Q118133,6000000001412875565
Q118135,6000000001864370548
Q118137,6000000001412875551
Q118139,6000000015626970417
Q118141,6000000015626954434
Q118143,6000000015626946460
Q118145,6000000012460205749
Q118147,6000000000008149305
Q118149,6000000015430274652
Q118151,6000000013842138610
Q118153,6000000013400076942
Q118155,6000000203249515825
Q118157,6000000000245098802
Q118159,6000000013842304291
Q118161,6000000008301519650
Q118163,6000000001553724296
Q118165,6000000010545764750
Q118167,6000000008943795213
Q118169,6000000003927498311
Q118171,6000000001412929320
Q118173,6000000000492270258
Q118175,6000000004996304370
Q118177,6000000020561714606
Q118179,6000000193082060821
Q118181,6000000003589069943
Q118183,6000000003589506980
Q118185,6000000003589506986
Q118187,6000000003589506974
Q118189,6000000029486468986
Q118191,6000000022350467904
Q118193,6000000029485964295
Q118195,6000000017001490695
Q118197,6000000017001237513
Q118199,6000000017001485728
Q118201,6000000017001623015
Q118203,6000000017000999941
Q118205,6000000003268059646
Q118207,6000000004262219556
Q118209,6000000003948146691
Q118211,5152034876330057981
Q118213,5152034886860057987
Q118215,6000000176844854936
Q118217,6000000176847190827
Q118219,6000000000040038612
Q118221,6000000001412937275
Q118223,6000000000157684101
Q118225,6000000003637342475
Q118227,6000000024487721824
Q118229,6000000004570903688
Q118231,6000000004571003130
Q118233,6000000012260119092
Q118235,6000000016159114886
Q118237,6000000006591943102
Q118239,6000000015781501377
Q118243,6000000011361462336
Q118245,6000000011361426353
Q118247,6000000086563636902
Q118249,6000000007186471271
Q118251,6000000010792525611
Q118253,6000000004042004723
Q118258,6000000004042052634
Q118260,6000000012181625075
Q118264,6000000010793082341
Q118266,322978194190001084
Q118268,6000000012891826785
Q118270,6000000003300838783
Q118272,6000000003814884708
Q118274,6000000003814955588
Q118276,6000000003814983252
Q118278,6000000003815028507
Q118280,6000000003814984349
Q118282,6000000003824069921
Q118284,6000000013884166232
Q118286,6000000008491847925
Q118288,6000000008492008715
Q118290,6000000008826308024
Q118292,6000000015423571227
Q118294,6000000017756815600
Q118296,6000000015423653234
Q118298,6000000013886561520
Q118300,6000000003659008943
Q118302,6000000003465656291
Q118304,6000000013886694102
Q118306,6000000013886538439
Q118308,6000000013886654267
Q118310,6000000013842336783
Q118312,6000000013842449685
Q118314,6000000172725714821
Q118316,6000000172723046290
Q118319,6000000076670812042
Q118321,6000000137435567821
Q118323,6000000137433153821
Q118325,6000000216921655858
Q118327,6000000216921750827
Q118329,6000000216921613835
Q118331,6000000216921690842
Q118333,6000000006591263683
Q118335,6000000006591868087
Q118337,6000000015335934171
Q118339,6000000008192256076
Q118341,6000000003493116583
Q118343,6000000000010004928
Q118345,6000000016237295976
Q118347,6000000000138415297
Q118349,6000000012439094444
Q118351,6000000012438820898
Q118353,6000000012439040517
Q118355,6000000013745165530
Q118357,6000000004382744674
Q118359,6000000001500899349
Q118361,6000000013745329227
Q118363,6000000003795775682
Q118365,6000000001413373952
Q118367,6000000000034734538
Q118369,6000000153230684859
Q118371,6000000012240151321
Q118373,6000000088575000155
Q118375,6000000088575506964
Q118377,6000000012261151727
Q118379,6000000008469971723
Q118381,6000000001500870752
Q118383,6000000000140660657
Q118385,5332444257210046403
Q118387,6000000011263969043
Q118389,6000000012273925177
Q118391,6000000002603684695
Q118393,6000000012288874765
Q118395,6000000045919682879
Q118397,6000000012380668184
Q118399,6000000008316290531
Q118401,6000000012380897381
Q118405,6000000001500933837
Q118407,6000000012380785809
Q118409,5271489675500023723
Q118411,6000000000436259192
Q118413,6000000006906697804
Q118415,302306186170008225
Q118417,6000000008316338273
Q118419,6000000017807056466
Q118421,6000000012274036429
Q118423,6000000004978951388
Q118425,6000000012890866425
Q118427,6000000012890961491
Q118431,6000000006240544619
Q118433,6000000008582898336
Q118437,6000000003243447118
Q118439,6000000011047386848
Q118441,6000000005029018519
Q118443,6000000011117297958
Q118445,6000000004646019235
Q118447,6000000007863333055
Q118449,6000000012349064830
Q118451,6000000004979032075
Q118453,6000000004979032081
Q118455,6000000004979032087
Q118457,6000000004979101015
Q118459,6000000136294612051
Q118461,6000000000386371266
Q118463,6000000000010129446
Q118465,6000000002487226409
Q118467,6000000014853820715
Q118469,6000000001501032093
Q118471,6000000012125637485
Q118473,6000000014853871393
Q118475,6000000014853731842
Q118477,6000000014853941119
Q118479,6000000014853948232
Q118481,6000000014853823741
Q118483,6000000012180836792
Q118487,6000000011822574229
Q118489,6000000007377454354
Q118491,6000000016236556453
Q118493,6000000193941336928
Q118495,6000000001412933228
Q118497,6000000003828011506
Q118499,6000000013485097927
Q118501,6000000003637383639
Q118503,6000000003637361339
Q118505,6000000003637361345
Q118507,6000000003637361350
Q118509,6000000008198216157
Q118511,6000000003637377815
Q118513,6000000008461569444
Q118515,6000000019920062304
Q118517,6000000019920050196
Q118519,6000000019919968305
Q118521,6000000021964648642
Q118523,6000000011144677954
Q118525,6000000014863360380
Q118527,6000000014863364245
Q118529,6000000001435415505
Q118531,6000000013969940778
Q118533,6000000001435415475
Q118535,6000000013970277935
Q118537,6000000210271469827
Q118539,6000000010918549548
Q118541,4538880491660011547
Q118543,4538867688710081591
Q118545,6000000007079832221
Q118547,6000000001864370182
Q118549,6000000011913222266
Q118551,6000000011913219300
Q118553,6000000011920826075
Q118555,6000000017878070352
Q118557,6000000001500958352
Q118559,6000000000138420343
Q118561,6000000001864350664
Q118563,6000000004064467901
Q118565,6000000051517293917
Q118567,6000000005931147613
Q118571,6000000005931149698
Q118573,6000000078130257203
Q118575,6000000192795690821
Q118577,6000000078131661420
Q118579,6000000193654087821
Q118581,6000000193653787845
Q118583,6000000072421335937
Q118585,6000000010913388433
Q118587,6000000087323729905
Q118589,6000000087324058874
Q118591,6000000087177298872
Q118593,6000000087177215877
Q118595,6000000011727231848
Q118597,6000000003589272124
Q118599,6000000078341054033
Q118601,6000000078341413014
Q118605,4539361186940072347
Q118607,6000000012656412146
Q118609,6000000012656732587
Q118611,6000000032178502911
Q118613,6000000012656711620
Q118615,6000000012656401684
Q118617,6000000009889269669
Q118619,6000000010896227855
Q118621,6000000010896188976
Q118623,6000000003828016087
Q118625,6000000172624049821
Q118627,6000000013009962681
Q118629,6000000172623509095
Q118631,6000000015539163012
Q118633,6000000012179011750
Q118635,6000000012178869123
Q118637,6000000012181528015
Q118639,6000000012181106653
Q118641,6000000011614071093
Q118643,6000000026715304385
Q118645,6000000003761389504
Q118647,6000000010898897858
Q118649,6000000006281224211
Q118651,6000000006281330010
Q118653,6000000006281394032
Q118655,6000000017806908661
Q118657,6000000009638097582
Q118659,6000000006988514328
Q118661,6000000015190502285
Q118663,6000000030391919066
Q118665,6000000009970395647
Q118667,6000000003637383801
Q118669,6000000193504377859
Q118671,6000000011038284881
Q118673,6000000006712820568
Q118675,6000000007754054030
Q118677,6000000000657051023
Q118681,6000000003828236249
Q118683,6000000027230303783
Q118685,6000000013754387723
Q118687,6000000013754545097
Q118689,6000000003118303715
Q118691,6000000003118411437
Q118693,6000000010199922149
Q118695,6000000003493301431
Q118697,6000000208592240834
Q118699,6000000012260257941
Q118701,6000000017907377185
Q118703,6000000000798385365
Q118705,6000000003761245356
Q118707,6000000000543601990
Q118709,6000000004383200035
Q118711,6000000017639984356
Q118713,6000000017633507488
Q118715,6000000007069244332
Q118717,6000000010535477522
Q118719,6000000013716560994
Q118721,6000000013716551883
Q118723,6000000013717061164
Q118725,6000000019641751600
Q118727,6000000019642037237
Q118729,6000000015633072423
Q118731,6000000002187596577
Q118733,6000000000012085084
Q118735,6000000018350468659
Q118737,6000000001059203432
Q118739,6000000018360347012
Q118741,6000000031089810936
Q118745,6000000020020523781
Q118747,6000000000437339234
Q118749,6000000002187721231
Q118751,6000000003827661452
Q118753,6000000004868825775
Q118755,6000000004868825755
Q118757,6000000004869131037
Q118759,6000000004869131022
Q118761,6000000004869186766
Q118763,6000000004869186733
Q118765,6000000004869186712
Q118767,6000000018612590104
Q118769,6000000004868825762
Q118771,6000000004869157982
Q118773,6000000007150950294
Q118775,6000000014360092711
Q118777,332838296500005765
Q118779,6000000004869193644
Q118781,6000000004869014690
Q118783,6000000015613644112
Q118785,6000000020681816539
Q118787,6000000020681513788
Q118789,6000000003493301389
Q118791,6000000011818257174
Q118793,6000000005943065661
Q118795,6000000003493301407
Q118797,6000000003493301413
Q118799,6000000003493301420
Q118801,6000000003828371088
Q118803,6000000003828371095
Q118805,6000000007151316586
Q118807,6000000029680706885
Q118809,6000000004085623494
Q118811,6000000007186344294
Q118813,6000000007186376295
Q118815,6000000007151075189
Q118817,6000000003122446362
Q118819,6000000008009383780
Q118821,6000000003827921151
Q118823,6000000051516938094
Q118825,6000000017807283028
Q118827,6000000003593836314
Q118829,6000000013726831597
Q118831,6000000008450273692
Q118833,6000000003774670041
Q118835,6000000004673697650
Q118837,6000000007208478772
Q118839,6000000003637361887
Q118841,6000000003828011473
Q118843,6000000003827957511
Q118845,6000000000529776234
Q118847,6000000013754192660
Q118849,6000000007016226606
Q118851,6000000009579828901
Q118853,6000000099152050929
Q118855,6000000099154615823
Q118857,6000000099154966821
Q118859,6000000194724467898
Q118861,6000000194724467912
Q118863,6000000000380058406
Q118865,6000000012913339911
Q118867,6000000011268290303
Q118869,6000000007185622035
Q118871,6000000007186057515
Q118873,6000000011267746029
Q118875,6000000018800171750
Q118877,6000000073217202821
Q118879,6000000073217161828
Q118881,6000000073217196868
Q118883,6000000012913867866
Q118885,6000000001412870915
Q118887,6000000030484597209
Q118889,6000000038528000890
Q118891,6000000003570388327
Q118893,6000000003570388332
Q118895,6000000015456946485
Q118897,6000000003570388337
Q118899,6000000008764406164
Q118901,6000000001501029843
Q118903,6000000001501029859
Q118905,6000000004045685133
Q118907,6000000003593758424
Q118909,6000000051516311244
Q118911,6000000003493301402
Q118915,6000000109845041162
Q118917,6000000003892089742
Q118919,6000000003892252153
Q118921,6000000004978958450
Q118923,6000000004978989988
Q118925,6000000000684035788
Q118927,6000000000684046535
Q118929,6000000043779701900
Q118931,6000000004638154666
Q118933,6000000004638077941
Q118935,6000000010427190710
Q118937,6000000010219397912
Q118939,6000000000600005765
Q118941,6000000000600070414
Q118943,6000000002006128816
Q118945,6000000000774740005
Q118947,6000000000709109211
Q118949,6000000000896362863
Q118951,6000000000896256138
Q118953,6000000002188678243
Q118955,6000000002926893640
Q118958,6000000002926661858
Q118960,6000000002926712635
Q118962,6000000007394007893
Q118964,6000000007394007913
Q118966,6000000007393858883
Q118968,6000000006906578509
Q118970,6000000002244362505
Q118972,6000000008426129407
Q118974,6000000050688124187
Q118976,6000000050688259162
Q118978,6000000010494679359
Q118980,6000000007818873404
Q118982,6000000003802818028
Q118984,6000000007819155230
Q118986,6000000001508018503
Q118988,6000000007818897614
Q118990,6000000003654705814
Q118992,6000000003654208976
Q118994,6000000013689442750
Q118996,6000000015290364649
Q118998,6000000004673953690
Q119000,6000000013708080012
Q119002,6000000013708016263
Q119004,6000000040253394912
Q119006,6000000006816937076
Q119008,6000000006816971014
Q119010,6000000002188149612
Q119012,6000000194723318834
Q123613,6000000006822543660
Q153492,6000000006776835465
Q153670,6000000040963820534
